{
  "Boxer": {
    "LeftGlove": {
      "x": -2.099021017551422,
      "y": -8.227661490440369,
      "z": -1.8371868133544922
    },
    "RightGlove": {
      "x": 4.18926328420639,
      "y": -8.44877564907074,
      "z": -13.053235530853271
    }
  }
}