{
  "Boxer": {
    "LeftGlove": {
      "x": -1.9081019759178162,
      "y": -8.175179600715637,
      "z": 0.5095531940460205
    },
    "RightGlove": {
      "x": 3.5844242572784424,
      "y": -8.489506483078003,
      "z": -0.12425565719604492
    }
  }
}