{
  "Boxer": {
    "LeftGlove": {
      "x": -2.9837104082107544,
      "y": -6.212556004524231,
      "z": -0.09425806999206543
    },
    "RightGlove": {
      "x": 3.0244815349578857,
      "y": -5.970016360282898,
      "z": -7.2682085037231445
    }
  }
}