{
  "Boxer": {
    "LeftGlove": {
      "x": -2.6195510625839233,
      "y": -8.451841711997986,
      "z": -0.05964517593383789
    },
    "RightGlove": {
      "x": 4.400424063205719,
      "y": -8.967000484466553,
      "z": 0.29714012145996094
    }
  }
}